,INDEX,TARGET_FLAG,TARGET_AMT,KIDSDRIV,AGE,HOMEKIDS,YOJ,INCOME,HOME_VAL,TRAVTIME,BLUEBOOK,TIF,OLDCLAIM,CLM_FREQ,MVR_PTS,CAR_AGE
count,8161.0,8161.0,8161.0,8161.0,8155.0,8161.0,7707.0,7716.0,7697.0,8161.0,8161.0,8161.0,8161.0,8161.0,8161.0,7651.0
mean,5151.867663276559,0.2638157088592084,1504.32464812283,0.17105746844749417,44.79031269160024,0.7212351427521138,10.499286363046581,61898.0946086055,154867.2897232688,33.48572478862884,15709.899522117388,5.35130498713393,4037.0762161499815,0.7985540987624066,1.6955030020830781,8.32832309502026
std,2978.89396163924,0.44072755951822185,4704.0269297500545,0.5115340938514881,8.627589455714993,1.116323290951908,4.092474182663089,47572.68280840082,129123.77457381316,15.908333411412434,8419.734075472197,4.146635309197826,8777.139104437798,1.1584526813796754,2.1471117444508745,5.7007424397259605
min,1.0,0.0,0.0,0.0,16.0,0.0,0.0,0.0,0.0,5.0,1500.0,1.0,0.0,0.0,0.0,-3.0
25%,2559.0,0.0,0.0,0.0,39.0,0.0,9.0,28097.0,0.0,22.0,9280.0,1.0,0.0,0.0,0.0,1.0
50%,5133.0,0.0,0.0,0.0,45.0,0.0,11.0,54028.0,161160.0,33.0,14440.0,4.0,0.0,0.0,1.0,8.0
75%,7745.0,1.0,1036.0,0.0,51.0,1.0,13.0,85986.0,238724.0,44.0,20850.0,7.0,4636.0,2.0,3.0,12.0
max,10302.0,1.0,107586.13616,4.0,81.0,5.0,23.0,367030.0,885282.0,142.0,69740.0,25.0,57037.0,5.0,13.0,28.0
